{
    "_alert_additional_parameters": "{\"externalServiceAgentID\": null, \"alertSpecificDetails\": {\"threatFound\": {\"ThreatType\": 0, \"ThreatID\": \"6f085fc7-9c85-1848-7aaf-fb5e69a15d48\", \"ScanDetectionID\": 1463986107, \"ScanResult\": {\"RegistryKeysSuspicious\": 0, \"FilesResolved\": 0, \"StartDate\": \"2019-04-24T17:45:00.043\", \"EndDate\": \"2019-04-25T13:45:34.65\", \"ProcessesInfected\": 0, \"CookiesSuspicious\": 0, \"CookiesInfected\": 0, \"StreamsResolved\": 0, \"StreamsInfected\": 0, \"RegistryKeysResolved\": 0, \"RegistryKeysInfected\": 0, \"CookiesScanned\": 0, \"StreamsSuspicious\": 0, \"ScanResultID\": 329076285, \"ProcessesScanned\": 5935, \"ProcessesSuspicious\": 0, \"CookiesResolved\": 0, \"ScanStatus\": 0, \"StreamsScanned\": 0, \"ScanType\": 3, \"FilesInfected\": 22, \"ProcessesResolved\": 0, \"Agent\": {\"ForeignDeviceGUID\": \"4a5b55653b4cbdc65311d8633d095a86\", \"Account\": {\"RemoteAccountID\": \"20049\", \"RemoteServiceID\": 1, \"RemoteWebServiceHost\": \"breck-alerts-api.systemmonitor.co.uk\", \"AccountID\": 17714}, \"SDKProductVersion\": \"6.6.7.107\", \"AgentState\": 1, \"CurrentDefinitionsDate\": \"2019-04-24T12:21:10.817\", \"PolicyID\": 67593, \"CurrentDefinitionsVersion\": 50660, \"AgentID\": 977324, \"AgentVersion\": \"45.6.2.3\"}, \"FilesSuspicious\": 0, \"RegistryKeysScanned\": 2793, \"FilesScanned\": 1055827}, \"FinalState\": 1, \"Path\": \"C:\\\\Users\\\\simon\\\\AppData\\\\Local\\\\Microsoft\\\\Outlook\\\\Simon.ost=>[Time: 2015=>12=>23 11:38:16][Subject: [SPAM]REAL Digital chasing payment \\ufffd6910.47][From: Lula Levine]=>invoice57274763.doc=>(application)\", \"ThreatName\": \"Trojan.VBS.Agent.QW\", \"ObjectType\": 1}}, \"alertState\": 1, \"alertTimestamp\": \"2019-04-25T12:45:33.6553054\"}",
    "external_service_id": 2,
    "alert_type_id": 1
}